# x_gpmpc-horizon,y_gpmpc-horizon
-9.969614446330200552e-01,1.179796865200258803e-02
-1.957389230186551643e+00,3.814799021468282675e-02
-3.803566305427108496e+00,1.189784799942074089e-01
-7.329714005966835977e+00,2.711298148279452369e-01
-1.401770716268359251e+01,5.683216576681769938e-01
-2.652427019156943899e+01,1.155173721297254374e+00
