# x_linearmpc,y_linearmpc
-1.000000000000000000e+00,0.000000000000000000e+00
-9.994280710258658385e-01,2.508220442463086203e-02
-9.909695403186618012e-01,9.876265781943126265e-02
