# x_linearmpc,y_linearmpc
-1.000000000000000000e+00,0.000000000000000000e+00
-9.999867753930391512e-01,2.605455954602338073e-02
-9.997244462116702257e-01,1.008738432998390749e-01
