# x_linear-horizon,y_linear-horizon
-9.999867753930391512e-01,2.605455954602342583e-02
-9.998036643133145773e-01,7.574326720461654894e-02
-9.988677959454212996e-01,1.011322040545789003e-01
