# pos_x,pos_y,major_axis_length,minor_axis_length,alpha
-9.997335159395983606e-01,2.561826219336588509e-02,4.895303872079852063e-03,4.895303872079852063e-03,0.000000000000000000e+00
-9.958238857660089982e-01,5.737841817742509593e-02,2.841210762340380322e-02,2.769212402803503809e-02,0.000000000000000000e+00
-9.847502493917354993e-01,7.068403854746818649e-02,4.094946872970067070e-02,4.064368923980513776e-02,9.000000000000011369e+01
-9.635596482480476288e-01,8.006957343004349192e-02,5.278052860795468676e-02,5.042593629166402386e-02,9.000000000000018474e+01
