# x_gpmpc-horizon,y_gpmpc-horizon
-9.997335159395983606e-01,2.561826219336588509e-02
-9.958238857660089982e-01,5.737841817742509593e-02
-9.847502493917354993e-01,7.068403854746818649e-02
-9.635596482480476288e-01,8.006957343004349192e-02
