# x_gpmpc,y_gpmpc
-1.000000000000000000e+00,0.000000000000000000e+00
-9.997335159395983606e-01,2.561826219336588509e-02
-9.974547971254140721e-01,5.653473347350771588e-02
