# x_linearmpc,y_linearmpc
-1.000000000000000000e+00,0.000000000000000000e+00
-9.996806496181664947e-01,2.552626032798815253e-02
-9.948088609260687942e-01,9.999600924009756364e-02
