# x_linearmpc,y_linearmpc
-1.000000000000000000e+00,0.000000000000000000e+00
-9.998873133110851574e-01,2.588407599339962589e-02
-9.980652925306398027e-01,1.007650480121043968e-01
