# pos_x,pos_y,major_axis_length,minor_axis_length,alpha
-9.989651450513771236e-01,1.633060115498850134e-02,0.000000000000000000e+00,0.000000000000000000e+00,0.000000000000000000e+00
-1.983374485658305320e+00,7.771688328082405894e-02,1.739161301699290843e-14,1.358719012104579082e-16,0.000000000000000000e+00
-3.920081047043643352e+00,2.055482246878668762e-01,4.347903258188048222e-14,2.445695639026824780e-15,0.000000000000000000e+00
-7.736995646804201598e+00,4.760839529426585948e-01,2.173951660201139584e-14,5.434876911912249555e-15,0.000000000000000000e+00
