# pos_x,pos_y,major_axis_length,minor_axis_length,alpha
-9.997335156298525760e-01,2.561826165528866342e-02,0.000000000000000000e+00,0.000000000000000000e+00,0.000000000000000000e+00
-9.958452443298912993e-01,7.755127781597691283e-02,1.557409793627987094e-01,1.552950508438536992e-01,9.000000000000000000e+01
-9.845190571715187744e-01,1.154809526237143835e-01,1.566450259167273540e-01,1.554145012055842268e-01,9.000000000000000000e+01
-9.660500743191864359e-01,1.339499352117271003e-01,1.558595273413928561e-01,1.551784449383777631e-01,9.000000000000000000e+01
