# x_gpmpc-horizon,y_gpmpc-horizon
-6.147460230349001131e-01,-6.987316908268420557e-02
-3.703402169704501090e-01,6.715533092026664160e-03
8.109460106480020913e-02,2.169667879595433280e-01
1.030220469658040851e-02,-9.518750306686690754e-02
