# x_gpmpc-horizon,y_gpmpc-horizon
-9.989651450513771236e-01,1.633060115498850134e-02
-1.983374485658305320e+00,7.771688328082405894e-02
-3.920081047043643352e+00,2.055482246878668762e-01
-7.736995646804201598e+00,4.760839529426585948e-01
