# x_limit,y_limit
-2.100000000000000089e+00,-1.000000000000000000e+00
2.000000000000000000e+00,3.100000000000000089e+00
