# x_linearmpc,y_linearmpc
-1.000000000000000000e+00,0.000000000000000000e+00
-9.990554868140479883e-01,2.441307026092243149e-02
-9.857792857507500228e-01,9.532041055577308852e-02
-9.564578901009002099e-01,1.578850111410977364e-01
