# x_linearmpc,y_linearmpc
-1.000000000000000000e+00,0.000000000000000000e+00
-9.993797450111203684e-01,2.499637681291935407e-02
-9.901791519510774187e-01,9.848782715001662413e-02
